model,N1_cm^-3,BV_horizontal_V,Vmin_surface_integral_V,min_surface_integral
quasi2D_closed_form,249999999999999.94,235.2362801924102,,
quasi2D_closed_form,251607179100859.7,235.26214714125481,,
quasi2D_closed_form,253224690300368.4,235.2881803813414,,
quasi2D_closed_form,254852600020658.12,235.3143809817087,,
quasi2D_closed_form,256490975110871.06,235.34075001826795,,
quasi2D_closed_form,258139882849900.4,235.36728857384716,,
quasi2D_closed_form,259799390949159.38,235.39399773823547,,
quasi2D_closed_form,261469567555357.7,235.42087860822798,,
quasi2D_closed_form,263150481253300.94,235.4479322876708,,
quasi2D_closed_form,264842201068706.9,235.47515988750627,,
quasi2D_closed_form,266544796471040.2,235.50256252581872,,
quasi2D_closed_form,268258337376364.88,235.53014132788033,,
quasi2D_closed_form,269982894150216.7,235.55789742619723,,
quasi2D_closed_form,271718537610488.12,235.58583196055616,,
quasi2D_closed_form,273465339030343.12,235.61394607807134,,
quasi2D_closed_form,275223370141139.5,235.64224093323116,,
quasi2D_closed_form,276992703135375.62,235.67071768794622,,
quasi2D_closed_form,278773410669654.9,235.6993775115964,,
quasi2D_closed_form,280565565867669.56,235.72822158107942,,
quasi2D_closed_form,282369242323204.4,235.75725108085874,,
quasi2D_closed_form,284184514103154.2,235.78646720301253,,
quasi2D_closed_form,286011455750572.5,235.81587114728237,,
quasi2D_closed_form,287850142287727.7,235.84546412112283,,
quasi2D_closed_form,289700649219185.0,235.8752473397505,,
quasi2D_closed_form,291563052534907.3,235.90522202619456,,
quasi2D_closed_form,293437428713375.25,235.93538941134662,,
quasi2D_closed_form,295323854724729.06,235.96575073401127,,
quasi2D_closed_form,297222408033924.8,235.9963072409569,,
quasi2D_closed_form,299133166603922.1,236.02706018696728,,
quasi2D_closed_form,301056208898881.44,236.0580108348925,,
quasi2D_closed_form,302991613887386.8,236.08916045570157,,
quasi2D_closed_form,304939461045689.1,236.1205103285337,,
quasi2D_closed_form,306899830360969.4,236.15206174075166,,
quasi2D_closed_form,308872802334623.6,236.1838159879941,,
quasi2D_closed_form,310858457985569.6,236.21577437422914,,
quasi2D_closed_form,312856878853569.25,236.24793821180748,,
quasi2D_closed_form,314868147002583.9,236.28030882151666,,
quasi2D_closed_form,316892345024139.9,236.3128875326353,,
quasi2D_closed_form,318929556040720.8,236.3456756829874,,
quasi2D_closed_form,320979863709181.3,236.37867461899737,,
quasi2D_closed_form,323043352224182.1,236.4118856957456,,
quasi2D_closed_form,325120106321649.0,236.4453102770238,,
quasi2D_closed_form,327210211282246.8,236.47894973539104,,
quasi2D_closed_form,329313752934889.75,236.51280545223008,,
quasi2D_closed_form,331430817660260.3,236.54687881780447,,
quasi2D_closed_form,333561492394358.06,236.58117123131515,,
quasi2D_closed_form,335705864632069.25,236.61568410095802,,
quasi2D_closed_form,337864022430760.1,236.65041884398215,,
quasi2D_closed_form,340036054413892.6,236.68537688674738,,
quasi2D_closed_form,342222049774665.3,236.72055966478342,,
quasi2D_closed_form,344422098279670.2,236.7559686228484,,
quasi2D_closed_form,346636290272587.6,236.7916052149884,,
quasi2D_closed_form,348864716677890.25,236.82747090459736,,
quasi2D_closed_form,351107469004578.5,236.86356716447654,,
quasi2D_closed_form,353364639349938.2,236.8998954768957,,
quasi2D_closed_form,355636320403322.44,236.9364573336537,,
quasi2D_closed_form,357922605449959.44,236.97325423613944,,
quasi2D_closed_form,360223588374777.2,237.01028769539403,,
quasi2D_closed_form,362539363666267.8,237.04755923217266,,
quasi2D_closed_form,364870026420361.5,237.08507037700673,,
quasi2D_closed_form,367215672344333.25,237.12282267026728,,
quasi2D_closed_form,369576397760733.2,237.1608176622277,,
quasi2D_closed_form,371952299611341.5,237.19905691312775,,
quasi2D_closed_form,374343475461151.3,237.23754199323744,,
quasi2D_closed_form,376750023502368.8,237.27627448292165,,
quasi2D_closed_form,379172042558454.5,237.3152559727047,,
quasi2D_closed_form,381609632088175.5,237.35448806333642,,
quasi2D_closed_form,384062892189691.1,237.39397236585677,,
quasi2D_closed_form,386531923604663.2,237.43371050166309,,
quasi2D_closed_form,389016827722393.3,237.47370410257585,,
quasi2D_closed_form,391517706583986.06,237.51395481090623,,
quasi2D_closed_form,394034662886541.0,237.55446427952324,,
quasi2D_closed_form,396567799987363.25,237.5952341719217,,
quasi2D_closed_form,399117221908217.75,237.63626616229044,,
quasi2D_closed_form,401683033339594.1,237.67756193558128,,
quasi2D_closed_form,404265339645007.5,237.71912318757802,,
quasi2D_closed_form,406864246865325.2,237.76095162496605,,
quasi2D_closed_form,409479861723121.2,237.80304896540275,,
quasi2D_closed_form,412112291627060.2,237.8454169375876,,
quasi2D_closed_form,414761644676301.94,237.88805728133335,,
quasi2D_closed_form,417428029664949.8,237.93097174763753,,
quasi2D_closed_form,420111556086512.1,237.97416209875445,,
quasi2D_closed_form,422812334138399.75,238.01763010826699,,
quasi2D_closed_form,425530474726451.6,238.06137756116033,,
quasi2D_closed_form,428266089469488.75,238.10540625389456,,
quasi2D_closed_form,431019290703899.7,238.14971799447855,,
quasi2D_closed_form,433790191488246.5,238.1943146025443,,
quasi2D_closed_form,436578905607917.94,238.23919790942202,,
quasi2D_closed_form,439385547579795.0,238.28436975821444,,
quasi2D_closed_form,442210232656955.25,238.32983200387352,,
quasi2D_closed_form,445053076833405.6,238.37558651327575,,
quasi2D_closed_form,447914196848845.56,238.4216351652994,,
quasi2D_closed_form,450793710193460.94,238.46797985090137,,
quasi2D_closed_form,453691735112750.6,238.51462247319498,,
quasi2D_closed_form,456608390612374.7,238.56156494752793,,
quasi2D_closed_form,459543796463052.3,238.60880920156134,,
quasi2D_closed_form,462498073205473.0,238.6563571753485,,
quasi2D_closed_form,465471342155247.94,238.7042108214146,,
quasi2D_closed_form,468463725407892.1,238.75237210483718,,
quasi2D_closed_form,471475345843838.0,238.8008430033265,,
quasi2D_closed_form,474506327133483.3,238.84962550730705,,
quasi2D_closed_form,477556793742261.94,238.8987216199988,,
quasi2D_closed_form,480626870935766.56,238.94813335750015,,
quasi2D_closed_form,483716684784884.9,238.99786274887023,,
quasi2D_closed_form,486826362170978.6,239.04791183621222,,
quasi2D_closed_form,489956030791093.75,239.09828267475743,,
quasi2D_closed_form,493105819163204.3,239.14897733294947,,
quasi2D_closed_form,496275856631490.0,239.19999789252955,,
quasi2D_closed_form,499466273371649.7,239.25134644862155,,
quasi2D_closed_form,502677200396238.56,239.30302510981815,,
quasi2D_closed_form,505908769560060.6,239.3550359982675,,
quasi2D_closed_form,509161113565575.06,239.40738124976056,,
quasi2D_closed_form,512434365968347.3,239.46006301381837,,
quasi2D_closed_form,515728661182533.94,239.51308345378047,,
quasi2D_closed_form,519044134486401.75,239.56644474689412,,
quasi2D_closed_form,522380922027885.4,239.6201490844031,,
quasi2D_closed_form,525739160830169.6,239.67419867163787,,
quasi2D_closed_form,529118988797328.8,239.72859572810665,,
quasi2D_closed_form,532520544719981.25,239.78334248758566,,
quasi2D_closed_form,535943968280990.9,239.83844119821154,,
quasi2D_closed_form,539389400061203.06,239.89389412257358,,
quasi2D_closed_form,542856981545217.7,239.94970353780627,,
quasi2D_closed_form,546346855127201.06,240.00587173568297,,
quasi2D_closed_form,549859164116724.56,240.06240102271022,,
quasi2D_closed_form,553394052744663.06,240.1192937202223,,
quasi2D_closed_form,556951666169108.25,240.1765521644764,,
quasi2D_closed_form,560532150481332.3,240.23417870674893,,
quasi2D_closed_form,564135652711786.6,240.2921757134315,,
quasi2D_closed_form,567762320836139.6,240.35054556612877,,
quasi2D_closed_form,571412303781353.5,240.40929066175565,,
quasi2D_closed_form,575085751431801.9,240.4684134126362,,
quasi2D_closed_form,578782814635415.6,240.5279162466021,,
quasi2D_closed_form,582503645209890.9,240.58780160709307,,
quasi2D_closed_form,586248395948914.8,240.6480719532566,,
quasi2D_closed_form,590017220628441.4,240.7087297600492,,
quasi2D_closed_form,593810274013006.9,240.76977751833797,,
quasi2D_closed_form,597627711862084.9,240.83121773500298,,
quasi2D_closed_form,601469690936484.9,240.8930529330399,,
quasi2D_closed_form,605336369004779.6,240.95528565166404,,
quasi2D_closed_form,609227904849798.9,241.01791844641423,,
quasi2D_closed_form,613144458275139.5,241.08095388925796,,
quasi2D_closed_form,617086190111730.6,241.14439456869687,,
quasi2D_closed_form,621053262224437.6,241.20824308987318,,
quasi2D_closed_form,625045837518709.2,241.27250207467654,,
quasi2D_closed_form,629064079947269.6,241.33717416185172,,
quasi2D_closed_form,633108154516840.9,241.4022620071069,,
quasi2D_closed_form,637178227294934.2,241.46776828322294,,
quasi2D_closed_form,641274465416659.4,241.53369568016268,,
quasi2D_closed_form,645397037091590.0,241.60004690518196,,
quasi2D_closed_form,649546111610671.6,241.66682468294027,,
quasi2D_closed_form,653721859353173.2,241.73403175561302,,
quasi2D_closed_form,657924451793683.6,241.80167088300385,,
quasi2D_closed_form,662154061509156.0,241.86974484265806,,
quasi2D_closed_form,666410862185983.6,241.9382564299766,,
quasi2D_closed_form,670695028627148.6,242.00720845833095,,
quasi2D_closed_form,675006736759389.0,242.0766037591786,,
quasi2D_closed_form,679346163640425.9,242.14644518217926,,
quasi2D_closed_form,683713487466234.5,242.21673559531183,,
quasi2D_closed_form,688108887578361.1,242.28747788499237,,
quasi2D_closed_form,692532544471291.1,242.35867495619226,,
quasi2D_closed_form,696984639799849.1,242.4303297325578,,
quasi2D_closed_form,701465356386675.5,242.50244515652994,,
quasi2D_closed_form,705974878229722.6,242.57502418946552,,
quasi2D_closed_form,710513390509813.9,242.64806981175852,,
quasi2D_closed_form,715081079598247.4,242.72158502296233,,
quasi2D_closed_form,719678133064449.6,242.7955728419133,,
quasi2D_closed_form,724304739683677.4,242.87003630685442,,
quasi2D_closed_form,728961089444773.4,242.94497847556013,,
quasi2D_closed_form,733647373557955.8,243.0204024254616,,
quasi2D_closed_form,738363784462687.8,243.0963112537737,,
quasi2D_closed_form,743110515835568.4,243.17270807762145,,
quasi2D_closed_form,747887762598288.5,243.24959603416863,,
quasi2D_closed_form,752695720925635.4,243.32697828074598,,
quasi2D_closed_form,757534588253548.4,243.40485799498126,,
quasi2D_closed_form,762404563287229.5,243.48323837492967,,
quasi2D_closed_form,767305846009290.9,243.5621226392048,,
quasi2D_closed_form,772238637687985.5,243.6415140271112,,
quasi2D_closed_form,777203140885459.6,243.72141579877717,,
quasi2D_closed_form,782199559466074.2,243.80183123528846,,
quasi2D_closed_form,787228098604776.6,243.8827636388233,,
quasi2D_closed_form,792288964795525.2,243.9642163327877,,
quasi2D_closed_form,797382365859770.0,244.0461926619519,,
quasi2D_closed_form,802508510954989.0,244.1286959925879,,
quasi2D_closed_form,807667610583264.6,244.2117297126073,,
quasi2D_closed_form,812859876599947.8,244.2952972317009,,
quasi2D_closed_form,818085522222343.2,244.37940198147797,,
quasi2D_closed_form,823344762038470.0,244.4640474156079,,
quasi2D_closed_form,828637812015872.2,244.54923700996122,,
quasi2D_closed_form,833964889510491.9,244.63497426275293,,
quasi2D_closed_form,839326213275580.2,244.72126269468552,,
quasi2D_closed_form,844722003470701.2,244.80810584909415,,
quasi2D_closed_form,850152481670759.2,244.8955072920915,,
quasi2D_closed_form,855617870875100.4,244.98347061271437,,
quasi2D_closed_form,861118395516670.8,245.0719994230712,,
quasi2D_closed_form,866654281471231.9,245.16109735848988,,
quasi2D_closed_form,872225756066636.6,245.25076807766757,,
quasi2D_closed_form,877833048092167.8,245.34101526282052,,
quasi2D_closed_form,883476387807918.8,245.43184261983478,,
quasi2D_closed_form,889156006954270.6,245.52325387841938,,
quasi2D_closed_form,894872138761393.9,245.6152527922584,,
quasi2D_closed_form,900625017958829.8,245.70784313916562,,
quasi2D_closed_form,906414880785129.2,245.80102872123928,,
quasi2D_closed_form,912241964997553.8,245.8948133650183,,
quasi2D_closed_form,918106509881842.8,245.98920092163937,,
quasi2D_closed_form,924008756262024.2,246.08419526699453,,
quasi2D_closed_form,929948946510327.2,246.179800301891,,
quasi2D_closed_form,935927324557119.0,246.2760199522107,,
quasi2D_closed_form,941944135900926.1,246.37285816907155,,
quasi2D_closed_form,947999627618515.6,246.4703189289895,,
quasi2D_closed_form,954094048375040.9,246.56840623404196,,
quasi2D_closed_form,960227648434253.0,246.66712411203181,,
quasi2D_closed_form,966400679668781.9,246.76647661665277,,
quasi2D_closed_form,972613395570463.2,246.86646782765555,,
quasi2D_closed_form,978866051260771.6,246.9671018510157,,
quasi2D_closed_form,985158903501281.2,247.06838281910157,,
quasi2D_closed_form,991492210704213.9,247.17031489084428,,
quasi2D_closed_form,997866232943050.1,247.272902251908,,
quasi2D_closed_form,1004281231963209.0,247.37614911486205,,
quasi2D_closed_form,1010737471192801.0,247.48005971935342,,
quasi2D_closed_form,1017235215753428.6,247.58463833228078,,
quasi2D_closed_form,1023774732471098.5,247.68988924796975,,
quasi2D_closed_form,1030356289887161.8,247.7958167883488,,
quasi2D_closed_form,1036980158269346.0,247.90242530312668,,
quasi2D_closed_form,1043646609622852.9,248.0097191699707,,
quasi2D_closed_form,1050355917701528.9,248.11770279468655,,
quasi2D_closed_form,1057108358019105.9,248.22638061139884,,
quasi2D_closed_form,1063904207860520.1,248.3357570827331,,
quasi2D_closed_form,1070743746293280.9,248.44583669999855,,
quasi2D_closed_form,1077627254178956.2,248.5566239833725,,
quasi2D_closed_form,1084555014184689.4,248.66812348208597,,
quasi2D_closed_form,1091527310794810.5,248.78033977460973,,
quasi2D_closed_form,1098544430322518.8,248.89327746884234,,
quasi2D_closed_form,1105606660921639.8,249.0069412022993,,
quasi2D_closed_form,1112714292598462.6,249.12133564230282,,
quasi2D_closed_form,1119867617223631.5,249.23646548617333,,
quasi2D_closed_form,1127066928544157.2,249.35233546142214,,
quasi2D_closed_form,1134312522195462.5,249.4689503259454,,
quasi2D_closed_form,1141604695713526.8,249.58631486821875,,
quasi2D_closed_form,1148943748547103.5,249.70443390749392,,
quasi2D_closed_form,1156329982070016.8,249.82331229399625,,
quasi2D_closed_form,1163763699593538.8,249.94295490912336,,
quasi2D_closed_form,1171245206378847.2,250.06336666564547,,
quasi2D_closed_form,1178774809649544.2,250.18455250790643,,
quasi2D_closed_form,1186352818604299.0,250.30651741202652,,
quasi2D_closed_form,1193979544429526.8,250.42926638610646,,
quasi2D_closed_form,1201655300312171.2,250.55280447043225,,
quasi2D_closed_form,1209380401452567.8,250.6771367376822,,
quasi2D_closed_form,1217155165077383.5,250.80226829313432,,
quasi2D_closed_form,1224979910452652.0,250.92820427487575,,
quasi2D_closed_form,1232854958896862.2,251.05494985401293,,
quasi2D_closed_form,1240780633794183.5,251.18251023488378,,
quasi2D_closed_form,1248757260607725.8,251.31089065527047,,
quasi2D_closed_form,1256785166892908.0,251.44009638661421,,
quasi2D_closed_form,1264864682310911.5,251.57013273423107,,
quasi2D_closed_form,1272996138642214.2,251.7010050375288,,
quasi2D_closed_form,1281179869800223.2,251.83271867022614,,
quasi2D_closed_form,1289416211844963.8,251.9652790405722,,
quasi2D_closed_form,1297705502996911.5,252.0986915915679,,
quasi2D_closed_form,1306048083650861.0,252.2329618011893,,
quasi2D_closed_form,1314444296389907.2,252.36809518261086,,
quasi2D_closed_form,1322894485999516.0,252.50409728443196,,
quasi2D_closed_form,1331398999481680.0,252.64097369090305,,
quasi2D_closed_form,1339958186069175.8,252.7787300221548,,
quasi2D_closed_form,1348572397239881.0,252.9173719344275,,
quasi2D_closed_form,1357241986731242.0,253.05690512030262,,
quasi2D_closed_form,1365967310554777.2,253.19733530893546,,
quasi2D_closed_form,1374748727010702.2,253.33866826628946,,
quasi2D_closed_form,1383586596702643.0,253.48090979537207,,
quasi2D_closed_form,1392481282552443.5,253.6240657364713,,
quasi2D_closed_form,1401433149815070.2,253.76814196739534,,
quasi2D_closed_form,1410442566093615.2,253.91314440371212,,
quasi2D_closed_form,1419509901354370.0,254.0590789989905,,
quasi2D_closed_form,1428635527942051.0,254.20595174504476,,
quasi2D_closed_form,1437819820595067.8,254.35376867217815,,
quasi2D_closed_form,1447063156460917.0,254.50253584942948,,
quasi2D_closed_form,1456365915111669.5,254.65225938482098,,
quasi2D_closed_form,1465728478559557.2,254.80294542560748,,
quasi2D_closed_form,1475151231272667.0,254.95460015852723,,
quasi2D_closed_form,1484634560190702.8,255.1072298100541,,
quasi2D_closed_form,1494178854740913.2,255.26084064665187,,
quasi2D_closed_form,1503784506854057.8,255.4154389750298,,
quasi2D_closed_form,1513451910980508.0,255.57103114239914,,
quasi2D_closed_form,1523181464106444.5,255.72762353673252,,
quasi2D_closed_form,1532973565770159.8,255.88522258702378,,
quasi2D_closed_form,1542828618078464.8,256.04383476354997,,
quasi2D_closed_form,1552747025723207.2,256.203466578135,,
quasi2D_closed_form,1562729195997865.2,256.3641245844143,,
quasi2D_closed_form,1572775538814309.8,256.525815378102,,
quasi2D_closed_form,1582886466719613.0,256.68854559725906,,
quasi2D_closed_form,1593062394912995.0,256.85232192256353,,
quasi2D_closed_form,1603303741262874.0,257.01715107758145,,
quasi2D_closed_form,1613610926324025.8,257.1830398290411,,
quasi2D_closed_form,1623984373354860.0,257.34999498710727,,
quasi2D_closed_form,1634424508334775.0,257.5180234056578,,
quasi2D_closed_form,1644931759981689.5,257.6871319825624,,
quasi2D_closed_form,1655506559769621.8,257.85732765996215,,
quasi2D_closed_form,1666149341946413.5,258.0286174245511,,
quasi2D_closed_form,1676860543551563.5,258.20100830785975,,
quasi2D_closed_form,1687640604434173.0,258.3745073865401,,
quasi2D_closed_form,1698489967271008.8,258.549121782652,,
quasi2D_closed_form,1709409077584687.5,258.7248586639518,,
quasi2D_closed_form,1720398383761943.8,258.9017252441823,,
quasi2D_closed_form,1731458337072084.2,259.07972878336477,,
quasi2D_closed_form,1742589391685490.8,259.2588765880922,,
quasi2D_closed_form,1753792004692278.0,259.4391760118249,,
quasi2D_closed_form,1765066636121063.5,259.6206344551868,,
quasi2D_closed_form,1776413748957857.8,259.80325936626497,,
quasi2D_closed_form,1787833809165085.0,259.9870582409095,,
quasi2D_closed_form,1799327285700687.5,260.17203862303546,,
quasi2D_closed_form,1810894650537427.0,260.3582081049276,,
quasi2D_closed_form,1822536378682236.8,260.5455743275453,,
quasi2D_closed_form,1834252948195735.8,260.73414498082997,,
quasi2D_closed_form,1846044840211858.0,260.9239278040145,,
quasi2D_closed_form,1857912538957611.8,261.1149305859339,,
quasi2D_closed_form,1869856531772971.2,261.30716116533785,,
quasi2D_closed_form,1881877309130857.8,261.50062743120515,,
quasi2D_closed_form,1893975364657327.0,261.6953373230597,,
quasi2D_closed_form,1906151195151809.0,261.89129883128857,,
quasi2D_closed_form,1918405300607516.2,262.08851999746133,,
quasi2D_closed_form,1930738184231976.0,262.28700891465144,,
quasi2D_closed_form,1943150352467694.2,262.4867737277594,,
quasi2D_closed_form,1955642315012959.8,262.68782263383736,,
quasi2D_closed_form,1968214584842743.0,262.89016388241566,,
quasi2D_closed_form,1980867678229809.2,263.09380577583136,,
quasi2D_closed_form,1993602114765887.5,263.2987566695579,,
quasi2D_closed_form,2006418417383013.5,263.5050249725371,,
quasi2D_closed_form,2019317112375006.0,263.71261914751216,,
quasi2D_closed_form,2032298729419076.2,263.92154771136325,,
quasi2D_closed_form,2045363801597581.0,264.13181923544386,,
quasi2D_closed_form,2058512865419920.0,264.34344234591987,,
quasi2D_closed_form,2071746460844535.2,264.5564257241088,,
quasi2D_closed_form,2085065131301133.2,264.770778106823,,
quasi2D_closed_form,2098469423712967.5,264.9865082867119,,
quasi2D_closed_form,2111959888519306.5,265.2036251126079,,
quasi2D_closed_form,2125537079698035.8,265.4221374898729,,
quasi2D_closed_form,2139201554788408.2,265.6420543807468,,
quasi2D_closed_form,2152953874913947.5,265.8633848046976,,
quasi2D_closed_form,2166794604805454.5,266.08613783877234,,
quasi2D_closed_form,2180724312824250.5,266.3103226179513,,
quasi2D_closed_form,2194743570985482.0,266.5359483355019,,
quasi2D_closed_form,2208852954981618.8,266.76302424333534,,
quasi2D_closed_form,2223053044206093.8,266.99155965236395,,
quasi2D_closed_form,2237344421777096.5,267.221563932861,,
quasi2D_closed_form,2251727674561517.5,267.4530465148204,,
quasi2D_closed_form,2266203393199058.0,267.6860168883201,,
quasi2D_closed_form,2280772172126446.0,267.92048460388406,,
quasi2D_closed_form,2295434609601902.5,268.15645927284817,,
quasi2D_closed_form,2310191307729672.0,268.3939505677261,,
quasi2D_closed_form,2325042872484756.0,268.6329682225766,,
quasi2D_closed_form,2339989913737797.5,268.8735220333726,,
quasi2D_closed_form,2355033045280125.5,269.1156218583704,,
quasi2D_closed_form,2370172884848968.5,269.3592776184819,,
quasi2D_closed_form,2385410054152783.5,269.60449929764525,,
quasi2D_closed_form,2400745178896844.0,269.85129694319994,,
quasi2D_closed_form,2416178888808895.0,270.0996806662598,,
quasi2D_closed_form,2431711817665024.0,270.34966064208925,,
quasi2D_closed_form,2447344603315683.5,270.6012471104786,,
quasi2D_closed_form,2463077887711887.0,270.8544503761221,,
quasi2D_closed_form,2478912316931568.0,271.1092808089951,,
quasi2D_closed_form,2494848541206123.5,271.36574884473356,,
quasi2D_closed_form,2510887214947071.0,271.62386498501223,,
quasi2D_closed_form,2527028996772986.5,271.8836397979256,,
quasi2D_closed_form,2543274549536507.0,272.1450839183679,,
quasi2D_closed_form,2559624540351561.5,272.4082080484142,,
quasi2D_closed_form,2576079640620764.5,272.6730229577015,,
quasi2D_closed_form,2592640526062999.0,272.9395394838102,,
quasi2D_closed_form,2609307876741121.0,273.2077685326458,,
quasi2D_closed_form,2626082377089949.5,273.4777210788208,,
quasi2D_closed_form,2642964715944329.5,273.7494081660366,,
quasi2D_closed_form,2659955586567431.5,274.02284090746474,,
quasi2D_closed_form,2677055686679216.5,274.29803048612854,,
quasi2D_closed_form,2694265718485091.0,274.5749881552841,,
quasi2D_closed_form,2711586388704739.5,274.8537252388006,,
quasi2D_closed_form,2729018408601147.5,275.1342531315405,,
quasi2D_closed_form,2746562494009820.0,275.4165832997387,,
quasi2D_closed_form,2764219365368131.5,275.70072728137984,,
quasi2D_closed_form,2781989747744977.5,275.9866966865769,,
quasi2D_closed_form,2799874370870504.5,276.2745031979467,,
quasi2D_closed_form,2817873969166088.5,276.5641585709836,,
quasi2D_closed_form,2835989281774490.0,276.85567463443374,,
quasi2D_closed_form,2854221052590222.5,277.14906329066577,,
quasi2D_closed_form,2872570030290050.5,277.44433651604,,
quasi2D_closed_form,2891036968363803.5,277.7415063612759,,
quasi2D_closed_form,2909622625145272.5,278.04058495181715,,
quasi2D_closed_form,2928327763843361.0,278.3415844881938,,
quasi2D_closed_form,2947153152573426.5,278.64451724638167,,
quasi2D_closed_form,2966099564388822.5,278.9493955781589,,
quasi2D_closed_form,2985167777312642.0,279.2562319114591,,
quasi2D_closed_form,3004358574369682.0,279.5650387507217,,
quasi2D_closed_form,3023672743618545.0,279.87582867723614,,
quasi2D_closed_form,3043111078184077.0,280.1886143494853,,
quasi2D_closed_form,3062674376289885.5,280.5034085034818,,
quasi2D_closed_form,3082363441291133.0,280.82022395310076,,
quasi2D_closed_form,3102179081707522.0,281.13907359040707,,
quasi2D_closed_form,3122122111256500.5,281.4599703859777,,
quasi2D_closed_form,3142193348886687.5,281.78292738921766,,
quasi2D_closed_form,3162393618811452.5,282.10795772866953,,
quasi2D_closed_form,3182723750542836.5,282.43507461231786,,
quasi2D_closed_form,3203184578925566.0,282.76429132788496,,
quasi2D_closed_form,3223776944171347.5,283.0956212431202,,
quasi2D_closed_form,3244501691893370.5,283.42907780608067,,
quasi2D_closed_form,3265359673141031.0,283.7646745454043,,
quasi2D_closed_form,3286351744434881.0,284.1024250705734,,
quasi2D_closed_form,3307478767801813.5,284.4423430721694,,
quasi2D_closed_form,3328741610810407.0,284.7844423221168,,
quasi2D_closed_form,3350141146606634.0,285.12873667391744,,
quasi2D_closed_form,3371678253949660.0,285.4752400628735,,
quasi2D_closed_form,3393353817247945.0,285.8239665062983,,
quasi2D_closed_form,3415168726595559.0,286.1749301037147,,
quasi2D_closed_form,3437123877808736.0,286.528145037041,,
quasi2D_closed_form,3459220172462671.0,286.8836255707627,,
quasi2D_closed_form,3481458517928489.0,287.2413860520888,,
quasi2D_closed_form,3503839827410588.5,287.6014409110946,,
quasi2D_closed_form,3526365019984085.5,287.9638046608469,,
quasi2D_closed_form,3549035020632571.0,288.32849189751227,,
quasi2D_closed_form,3571850760286091.0,288.695517300448,,
quasi2D_closed_form,3594813175859378.0,289.06489563227353,,
quasi2D_closed_form,3617923210290324.0,289.4366417389226,,
quasi2D_closed_form,3641181812578715.0,289.81077054967426,,
quasi2D_closed_form,3664589937825143.5,290.18729707716074,,
quasi2D_closed_form,3688148547270317.5,290.5662364173553,,
quasi2D_closed_form,3711858608334474.0,290.94760374953233,,
quasi2D_closed_form,3735721094657120.5,291.3314143362043,,
quasi2D_closed_form,3759736986137015.5,291.71768352303064,,
quasi2D_closed_form,3783907268972426.5,292.10642673869967,,
quasi2D_closed_form,3808232935701561.5,292.49765949477916,,
quasi2D_closed_form,3832714985243423.0,292.8913973855386,,
quasi2D_closed_form,3857354422938764.0,293.28765608773654,,
quasi2D_closed_form,3882152260591388.5,293.686451360375,,
quasi2D_closed_form,3907109516509700.0,294.0877990444177,,
quasi2D_closed_form,3932227215548518.5,294.4917150624709,,
quasi2D_closed_form,3957506389151164.5,294.89821541842497,,
quasi2D_closed_form,3982948075391815.5,295.30731619705426,,
quasi2D_closed_form,4008553319018149.0,295.7190335635744,,
quasi2D_closed_form,4034323171494181.0,296.13338376315244,,
quasi2D_closed_form,4060258691043539.5,296.55038312037277,,
quasi2D_closed_form,4086360942692857.0,296.9700480386495,,
quasi2D_closed_form,4112630998315519.0,297.3923949995889,,
quasi2D_closed_form,4139069936675682.0,297.81744056229593,,
quasi2D_closed_form,4165678843472587.0,298.2452013626245,,
quasi2D_closed_form,4192458811385078.0,298.6756941123658,,
quasi2D_closed_form,4219410940116572.0,299.10893559837604,,
quasi2D_closed_form,4246536336440149.0,299.5449426816364,,
quasi2D_closed_form,4273836114244021.5,299.9837322962445,,
quasi2D_closed_form,4301311394577272.5,300.42532144833336,,
quasi2D_closed_form,4328963305695890.5,300.8697272149149,,
quasi2D_closed_form,4356792983109103.0,301.31696674264384,,
quasi2D_closed_form,4384801569626022.5,301.76705724649855,,
quasi2D_closed_form,4412990215402502.5,302.2200160083739,,
quasi2D_closed_form,4441360077988476.5,302.6758603755856,,
quasi2D_closed_form,4469912322375420.0,303.1346077592766,,
quasi2D_closed_form,4498648121044209.0,303.5962756327242,,
quasi2D_closed_form,4527568654013266.0,304.06088152954356,,
quasi2D_closed_form,4556675108887017.0,304.5284430417807,,
quasi2D_closed_form,4585968680904680.0,304.9989778178916,,
quasi2D_closed_form,4615450572989270.0,305.4725035606002,,
quasi2D_closed_form,4645121995797108.0,305.9490380246335,,
quasi2D_closed_form,4674984167767464.0,306.4285990143217,,
quasi2D_closed_form,4705038315172609.0,306.91120438106367,,
quasi2D_closed_form,4735285672168168.0,307.39687202064664,,
quasi2D_closed_form,4765727480843805.0,307.8856198704162,,
quasi2D_closed_form,4796364991274226.0,308.37746590628797,,
quasi2D_closed_form,4827199461570531.0,308.8724281395949,,
quasi2D_closed_form,4858232157931801.0,309.3705246137593,,
quasi2D_closed_form,4889464354697212.0,309.87177340078864,,
quasi2D_closed_form,4920897334398284.0,310.3761925975771,,
quasi2D_closed_form,4952532387811570.0,310.8838003220115,,
quasi2D_closed_form,4984370814011657.0,311.3946147088695,,
quasi2D_closed_form,5016413920424516.0,311.9086539054998,,
quasi2D_closed_form,5048663022881210.0,312.4259360672765,,
quasi2D_closed_form,5081119445671842.0,312.9464793528123,,
quasi2D_closed_form,5113784521600066.0,313.47030191892765,,
quasi2D_closed_form,5146659592037729.0,313.99742191535427,,
quasi2D_closed_form,5179746006979978.0,314.527857479168,,
quasi2D_closed_form,5213045125100698.0,315.06162672893544,,
quasi2D_closed_form,5246558313808301.0,315.5987477585611,,
quasi2D_closed_form,5280286949301880.0,316.1392386308211,,
quasi2D_closed_form,5314232416627743.0,316.68311737056956,,
quasi2D_closed_form,5348396109736205.0,317.230401957599,,
quasi2D_closed_form,5382779431538956.0,317.78111031914466,,
quasi2D_closed_form,5417383793966585.0,318.3352603220089,,
quasi2D_closed_form,5452210618026582.0,318.89286976429185,,
quasi2D_closed_form,5487261333861694.0,319.453956366709,,
quasi2D_closed_form,5522537380808670.0,320.0185377634759,,
quasi2D_closed_form,5558040207457280.0,320.58663149273696,,
quasi2D_closed_form,5593771271709934.0,321.1582549865237,,
quasi2D_closed_form,5629732040841461.0,321.73342556021026,,
quasi2D_closed_form,5665923991559385.0,322.3121604014495,,
quasi2D_closed_form,5702348610064562.0,322.89447655856213,,
quasi2D_closed_form,5739007392112211.0,323.48039092835216,,
quasi2D_closed_form,5775901843073341.0,324.069920243322,,
quasi2D_closed_form,5813033477996560.0,324.66308105825783,,
quasi2D_closed_form,5850403821670320.0,325.2598897361555,,
quasi2D_closed_form,5888014408685435.0,325.8603624334513,,
quasi2D_closed_form,5925866783498236.0,326.46451508453134,,
quasi2D_closed_form,5963962500493905.0,327.0723633854755,,
quasi2D_closed_form,6002303124050326.0,327.6839227770048,,
quasi2D_closed_form,6040890228602321.0,328.2992084265894,,
quasi2D_closed_form,6079725398706336.0,328.9182352096793,,
quasi2D_closed_form,6118810229105405.0,329.5410176900087,,
quasi2D_closed_form,6158146324794785.0,330.16757009893644,,
quasi2D_closed_form,6197735301087771.0,330.79790631376585,,
quasi2D_closed_form,6237578783682047.0,331.4320398349976,,
quasi2D_closed_form,6277678408726447.0,332.0699837624621,,
quasi2D_closed_form,6318035822888141.0,332.7117507702723,,
quasi2D_closed_form,6358652683420258.0,333.3573530805405,,
quasi2D_closed_form,6399530658229933.0,334.00680243579234,,
quasi2D_closed_form,6440671425946833.0,334.6601100700151,,
quasi2D_closed_form,6482076675991978.0,335.3172866782665,,
quasi2D_closed_form,6523748108647277.0,335.9783423847747,,
quasi2D_closed_form,6565687435125242.0,336.6432867094441,,
quasi2D_closed_form,6607896377639285.0,337.31212853269056,,
quasi2D_closed_form,6650376669474440.0,337.98487605851324,,
quasi2D_closed_form,6693130055058566.0,338.66153677571384,,
quasi2D_closed_form,6736158290033871.0,339.34211741716,,
quasi2D_closed_form,6779463141329174.0,340.0266239169962,,
quasi2D_closed_form,6823046387232347.0,340.7150613656817,,
quasi2D_closed_form,6866909817463373.0,341.407433962746,,
quasi2D_closed_form,6911055233247836.0,342.10374496713285,,
quasi2D_closed_form,6955484447390889.0,342.8039966450032,,
quasi2D_closed_form,7000199284351696.0,343.50819021485404,,
quasi2D_closed_form,7045201580318379.0,344.2163257898061,,
quasi2D_closed_form,7090493183283306.0,344.9284023168977,,
quasi2D_closed_form,7136075953119152.0,345.64441751322227,,
quasi2D_closed_form,7181951761655155.0,346.3643677987213,,
quasi2D_closed_form,7228122492754016.0,347.08824822544585,,
quasi2D_closed_form,7274590042389250.0,347.81605240308045,,
quasi2D_closed_form,7321356318723052.0,348.54777242051006,,
quasi2D_closed_form,7368423242184678.0,349.2833987631982,,
quasi2D_closed_form,7415792745549192.0,350.0229202261228,,
quasi2D_closed_form,7463466774017009.0,350.7663238220108,,
quasi2D_closed_form,7511447285293654.0,351.51359468457537,,
quasi2D_closed_form,7559736249670188.0,352.2647159664582,,
quasi2D_closed_form,7608335650104116.0,353.01966873154475,,
quasi2D_closed_form,7657247482300810.0,353.7784318413011,,
quasi2D_closed_form,7706473754795469.0,354.5409818347554,,
quasi2D_closed_form,7756016489035627.0,355.307292801717,,
quasi2D_closed_form,7805877719464033.0,356.0773362487936,,
quasi2D_closed_form,7856059493602391.0,356.8510809577446,,
quasi2D_closed_form,7906563872135305.0,357.6284928356516,,
quasi2D_closed_form,7957392928994940.0,358.4095347563693,,
quasi2D_closed_form,8008548751446179.0,359.1941663926604,,
quasi2D_closed_form,8060033440172375.0,359.9823440383813,,
quasi2D_closed_form,8111849109361478.0,360.7740204200213,,
quasi2D_closed_form,8163997886793053.0,361.5691444968587,,
quasi2D_closed_form,8216481913925520.0,362.3676612489116,,
quasi2D_closed_form,8269303345984133.0,363.1695114518127,,
quasi2D_closed_form,8322464352049475.0,363.9746314376495,,
quasi2D_closed_form,8375967115146532.0,364.782952840731,,
quasi2D_closed_form,8429813832334340.0,365.59440232715104,,
quasi2D_closed_form,8484006714796205.0,366.4089013069133,,
quasi2D_closed_form,8538547987930537.0,367.22636562727433,,
quasi2D_closed_form,8593439891442097.0,368.0467052458291,,
quasi2D_closed_form,8648684679434178.0,368.86982388173874,,
quasi2D_closed_form,8704284620501028.0,369.6956186433255,,
quasi2D_closed_form,8760241997821045.0,370.5239796301101,,
quasi2D_closed_form,8816559109250532.0,371.35478950716185,,
quasi2D_closed_form,8873238267418097.0,372.18792304942593,,
quasi2D_closed_form,8930281799819470.0,373.02324665344895,,
quasi2D_closed_form,8987692048913303.0,373.8606178136709,,
quasi2D_closed_form,9045471372217210.0,374.69988456013186,,
quasi2D_closed_form,9103622142404620.0,375.5408848541299,,
quasi2D_closed_form,9162146747402208.0,376.3834459379745,,
quasi2D_closed_form,9221047590487948.0,377.2273836345634,,
quasi2D_closed_form,9280327090389810.0,378.07250159202766,,
quasi2D_closed_form,9339987681385078.0,378.91859046815,,
quasi2D_closed_form,9400031813400354.0,379.7654270486472,,
quasi2D_closed_form,9460461952112010.0,380.61277329270536,,
quasi2D_closed_form,9521280579047664.0,381.4603752983737,,
quasi2D_closed_form,9582490191687932.0,382.30796217950103,,
quasi2D_closed_form,9644093303569030.0,383.1552448448762,,
quasi2D_closed_form,9706092444385980.0,384.00191466904226,,
quasi2D_closed_form,9768490160096540.0,384.8476420428906,,
quasi2D_closed_form,9831289013025586.0,385.6920747905688,,
quasi2D_closed_form,9894491581970572.0,386.5348364374345,,
quasi2D_closed_form,9958100462307276.0,387.3755243116693,,
quasi2D_closed_form,1.0022118266096404e+16,388.2137074597503,,
quasi2D_closed_form,1.0086547622190864e+16,389.0489243531264,,
quasi2D_closed_form,1.0151391176343712e+16,389.8806803601392,,
quasi2D_closed_form,1.0216651591316798e+16,390.7084449533447,,
quasi2D_closed_form,1.0282331546990118e+16,391.53164861782824,,
quasi2D_closed_form,1.0348433740471852e+16,392.34967942072484,,
quasi2D_closed_form,1.0414960886209124e+16,393.1618791957853,,
quasi2D_closed_form,1.0481915716099558e+16,393.96753928926057,,
quasi2D_closed_form,1.0549300979603112e+16,394.76589580434296,,
quasi2D_closed_form,1.0617119443855502e+16,395.5561242706104,,
quasi2D_closed_form,1.0685373893781488e+16,396.3373336518818,,
quasi2D_closed_form,1.075406713220932e+16,397.1085595902172,,
quasi2D_closed_form,1.0823201979985838e+16,397.8687567647007,,
quasi2D_closed_form,1.0892781276092306e+16,398.6167902203948,,
quasi2D_closed_form,1.0962807877760994e+16,399.35142549432203,,
quasi2D_closed_form,1.1033284660592508e+16,400.07131733016644,,
quasi2D_closed_form,1.110421451867387e+16,400.7749967297681,,
quasi2D_closed_form,1.1175600364697374e+16,401.46085603507294,,
quasi2D_closed_form,1.1247445130080184e+16,402.12713166586,,
quasi2D_closed_form,1.131975176508471e+16,402.77188405216737,,
quasi2D_closed_form,1.1392523238939768e+16,403.3929741902833,,
quasi2D_closed_form,1.14657625399625e+16,403.98803610991007,,
quasi2D_closed_form,1.1539472675681094e+16,404.55444435728185,,
quasi2D_closed_form,1.1613656672958376e+16,405.08927536029836,,
quasi2D_closed_form,1.1688317578115732e+16,405.58926122706464,,
quasi2D_closed_form,1.176345845705877e+16,406.0507341102307,,
quasi2D_closed_form,1.1839082395402836e+16,406.4695587053982,,
quasi2D_closed_form,1.1915192498599828e+16,406.84104968343456,,
quasi2D_closed_form,1.199179189206571e+16,407.15986979620044,,
quasi2D_closed_form,1.206888372130886e+16,407.41990291164365,,
quasi2D_closed_form,1.2146471152059236e+16,407.61409412674186,,
quasi2D_closed_form,1.2224557370398378e+16,407.73424606275626,,
quasi2D_closed_form,1.230314558289024e+16,407.77075596927216,,
quasi2D_closed_form,1.2382239016712864e+16,407.7122715412569,,
quasi2D_closed_form,1.246184091979091e+16,407.5452330321875,,
quasi2D_closed_form,1.2541954560929016e+16,407.25325299477583,,
quasi2D_closed_form,1.2622583229946048e+16,406.8162586536194,,
quasi2D_closed_form,1.270373023781028e+16,406.2092778642058,,
quasi2D_closed_form,1.2785398916774954e+16,405.4006731267945,,
quasi2D_closed_form,1.2867592620515738e+16,404.34948948403445,,
quasi2D_closed_form,1.2950314724268018e+16,403.00131780976113,,
quasi2D_closed_form,1.3033568624965618e+16,401.28153973257037,,
quasi2D_closed_form,1.3117357741380282e+16,399.0836539309688,,
quasi2D_closed_form,1.320168551426207e+16,396.247597384454,,
quasi2D_closed_form,1.328655540648065e+16,392.51548509420354,,
quasi2D_closed_form,1.3371970903167494e+16,387.42856153828996,,
quasi2D_closed_form,1.3457935511858996e+16,380.0350370884387,,
quasi2D_closed_form,1.3544452762640508e+16,367.72547882192123,,
quasi2D_closed_form,1.36315262082913e+16,335.1746110879389,,
quasi2D_closed_form,1.3719159424430452e+16,nan,,
quasi2D_closed_form,1.3807356009663682e+16,nan,,
quasi2D_closed_form,1.389611958573113e+16,nan,,
quasi2D_closed_form,1.3985453797656184e+16,nan,,
quasi2D_closed_form,1.4075362313894714e+16,nan,,
quasi2D_closed_form,1.4165848826486396e+16,nan,,
quasi2D_closed_form,1.4256917051205866e+16,nan,,
quasi2D_closed_form,1.4348570727715424e+16,nan,,
quasi2D_closed_form,1.4440813619718592e+16,nan,,
quasi2D_closed_form,1.4533649515114682e+16,nan,,
quasi2D_closed_form,1.4627082226154334e+16,nan,,
quasi2D_closed_form,1.4721115589596064e+16,nan,,
quasi2D_closed_form,1.4815753466863822e+16,nan,,
quasi2D_closed_form,1.4910999744205558e+16,nan,,
quasi2D_closed_form,1.5006858332852806e+16,nan,,
quasi2D_closed_form,1.5103333169181302e+16,nan,,
quasi2D_closed_form,1.5200428214872622e+16,nan,,
quasi2D_closed_form,1.5298147457076996e+16,nan,,
quasi2D_closed_form,1.5396494908576536e+16,nan,,
quasi2D_closed_form,1.5495474607950768e+16,nan,,
quasi2D_closed_form,1.5595090619741974e+16,nan,,
quasi2D_closed_form,1.5695347034622226e+16,nan,,
quasi2D_closed_form,1.579624796956137e+16,nan,,
quasi2D_closed_form,1.589779756799608e+16,nan,,
quasi2D_closed_form,1.6000000000000008e+16,nan,,
direct2D_finite_difference,100000000000000.0,263.3591231282363,4.60208462345875,2.095332215039707e-11
direct2D_finite_difference,298333333333333.4,267.49548367517934,7.700866500014331,5.76960418346037e-10
direct2D_finite_difference,496666666666666.7,271.61270069769967,10.852102125468116,5.544344073441085e-09
direct2D_finite_difference,695000000000000.0,275.7109246374571,14.015811005801982,3.074241831763126e-08
direct2D_finite_difference,893333333333333.4,279.7903111844131,17.184092359925618,1.2184282808569776e-07
direct2D_finite_difference,1091666666666666.8,283.8510197698015,20.35450344209585,3.852328311260946e-07
direct2D_finite_difference,1290000000000000.0,287.89321140590243,23.526069369396126,1.0354583770760057e-06
direct2D_finite_difference,1488333333333333.5,291.91704573577795,26.69832389653798,2.462872779001049e-06
direct2D_finite_difference,1686666666666666.8,295.92267715447304,29.87102562280413,5.325116772686076e-06
direct2D_finite_difference,1885000000000000.0,299.9102498612468,33.044028243683144,1.066605575896223e-05
direct2D_finite_difference,2083333333333333.5,303.87989170014407,36.21724523824572,2.006580002435522e-05
direct2D_finite_difference,2281666666666667.0,307.83170664355714,39.390623443740914,3.582543373533976e-05
direct2D_finite_difference,2480000000000000.0,311.76576577020273,42.564117652361944,6.119007850148525e-05
direct2D_finite_difference,2678333333333333.5,315.6820965848884,45.73770790773684,0.00010061391730277808
direct2D_finite_difference,2876666666666667.0,319.5806705221602,48.911370086546995,0.00016007080457640407
direct2D_finite_difference,3075000000000000.0,323.46138846882764,52.08508896906585,0.00024741408825827834
direct2D_finite_difference,3273333333333333.5,327.3240641306113,55.25885498335482,0.00037278926957460645
direct2D_finite_difference,3471666666666667.0,331.16840505460755,58.432661412530706,0.0005491031263787604
direct2D_finite_difference,3670000000000000.0,334.9939911003662,61.60650141839289,0.0007925529258287561
direct2D_finite_difference,3868333333333333.5,338.8002501260564,64.7803718005895,0.0011232193522006217
direct2D_finite_difference,4066666666666667.0,342.5864306197551,67.95426611312645,0.001565726775632928
direct2D_finite_difference,4265000000000000.0,346.3515709557729,71.12817862785194,0.002149974487597778
direct2D_finite_difference,4463333333333333.5,350.094464887526,74.30210611914447,0.0029119425288935625
direct2D_finite_difference,4661666666666667.0,353.8136227957493,77.47604887853714,0.0038945757359546774
direct2D_finite_difference,4860000000000000.0,357.50722808594753,80.6500071346684,0.0051487496312736395
direct2D_finite_difference,5058333333333334.0,361.173087961512,83.82398488830727,0.006734321783730725
direct2D_finite_difference,5256666666666667.0,364.8085775750252,86.99796032954201,0.008721272264626522
direct2D_finite_difference,5455000000000000.0,368.41057626124507,90.17195143146104,0.011190936825212668
direct2D_finite_difference,5653333333333334.0,371.97539415545475,93.3459485092886,0.01423733642151599
direct2D_finite_difference,5851666666666667.0,375.49868696464523,96.51995442304185,0.01796860671225136
direct2D_finite_difference,6050000000000000.0,378.9753559359,99.69396986730167,0.022508531155618777
direct2D_finite_difference,6248333333333334.0,382.39942908386297,102.86798556444077,0.02799818133077945
direct2D_finite_difference,6446666666666667.0,385.76391839117457,106.04200821295412,0.03459766810980661
direct2D_finite_difference,6645000000000000.0,389.0606458243568,109.21603954999098,0.0424880073059063
direct2D_finite_difference,6843333333333334.0,392.28002837344445,112.390071645249,0.0518731034237033
direct2D_finite_difference,7041666666666667.0,395.4108085568963,115.5641049148406,0.06298185513738712
direct2D_finite_difference,7240000000000000.0,398.4397113506453,118.7381525522281,0.07607038612251439
direct2D_finite_difference,7438333333333334.0,401.35100036051915,121.91219229952758,0.0914244048672618
direct2D_finite_difference,7636666666666667.0,404.12589370439036,125.08624284404522,0.10936169708892514
direct2D_finite_difference,7835000000000000.0,406.74178085833455,128.26029760861158,0.1302347543814611
direct2D_finite_difference,8033333333333334.0,409.1711510097141,131.43435653450587,0.15443354271986387
direct2D_finite_difference,8231666666666667.0,411.3800928223569,134.60839971452856,0.18238841444717627
direct2D_finite_difference,8430000000000000.0,413.3261390269736,137.7824641824062,0.21457316736992602
direct2D_finite_difference,8628333333333334.0,414.9550753848182,140.95652540012824,0.25150825458778736
direct2D_finite_difference,8826666666666667.0,416.1960465422228,144.1305882376329,0.29376414868325723
direct2D_finite_difference,9025000000000000.0,416.95372483335905,147.30466083772728,0.3419648638971493
direct2D_finite_difference,9223333333333334.0,417.0951114868783,150.47871657382314,0.3967916399156912
direct2D_finite_difference,9421666666666668.0,416.4257902379119,153.65278636739308,0.4589867908950304
direct2D_finite_difference,9620000000000000.0,414.64342142676,156.82685270228396,0.5293577233489347
direct2D_finite_difference,9818333333333334.0,411.23552856165634,160.00092874552558,0.6087811265254954
direct2D_finite_difference,1.0016666666666668e+16,405.2138356411841,163.17500592262658,0.6982073388986086
direct2D_finite_difference,1.0215e+16,394.2067292288822,166.34908516133362,0.7986648944000482
direct2D_finite_difference,1.0413333333333334e+16,368.92446008491856,169.52314678650356,0.9112652520179217
direct2D_finite_difference,1.0611666666666668e+16,nan,172.69722627801283,1.037207712387296
direct2D_finite_difference,1.081e+16,nan,175.87129984446554,1.1777845249987944
direct2D_finite_difference,1.1008333333333334e+16,nan,179.04538750707576,1.3343861896509677
direct2D_finite_difference,1.1206666666666668e+16,nan,182.21946868869048,1.5085069557722146
direct2D_finite_difference,1.1405e+16,nan,185.39354026057998,1.701750523238063
direct2D_finite_difference,1.1603333333333334e+16,nan,188.5676285606938,1.9158359483096217
direct2D_finite_difference,1.1801666666666668e+16,nan,191.74170407023803,2.15260375831894
direct2D_finite_difference,1.2e+16,nan,194.91579448501244,2.4140222787271433
