N1_cm^-3,N2_cm^-3,BV_horizontal_FD_V,BV_vertical_1D_V,VBD_device_V,V_at_min_ionization_V,min_surface_ionization_integral,mechanism,status
100000000000000.0,100000000000000.0,263.3591231282363,265.1618191317792,263.3591231282363,4.60208462345875,2.095332215039707e-11,horizontal_surface,ok
298333333333333.4,100000000000000.0,267.49548367517934,265.1618191317792,265.1618191317792,7.700866500014331,5.76960418346037e-10,vertical_cap,ok
496666666666666.7,100000000000000.0,271.61270069769967,265.1618191317792,265.1618191317792,10.852102125468116,5.544344073441085e-09,vertical_cap,ok
695000000000000.0,100000000000000.0,275.7109246374571,265.1618191317792,265.1618191317792,14.015811005801982,3.074241831763126e-08,vertical_cap,ok
893333333333333.4,100000000000000.0,279.7903111844131,265.1618191317792,265.1618191317792,17.184092359925618,1.2184282808569776e-07,vertical_cap,ok
1091666666666666.8,100000000000000.0,283.8510197698015,265.1618191317792,265.1618191317792,20.35450344209585,3.852328311260946e-07,vertical_cap,ok
1290000000000000.0,100000000000000.0,287.89321140590243,265.1618191317792,265.1618191317792,23.526069369396126,1.0354583770760057e-06,vertical_cap,ok
1488333333333333.5,100000000000000.0,291.91704573577795,265.1618191317792,265.1618191317792,26.69832389653798,2.462872779001049e-06,vertical_cap,ok
1686666666666666.8,100000000000000.0,295.92267715447304,265.1618191317792,265.1618191317792,29.87102562280413,5.325116772686076e-06,vertical_cap,ok
1885000000000000.0,100000000000000.0,299.9102498612468,265.1618191317792,265.1618191317792,33.044028243683144,1.066605575896223e-05,vertical_cap,ok
2083333333333333.5,100000000000000.0,303.87989170014407,265.1618191317792,265.1618191317792,36.21724523824572,2.006580002435522e-05,vertical_cap,ok
2281666666666667.0,100000000000000.0,307.83170664355714,265.1618191317792,265.1618191317792,39.390623443740914,3.582543373533976e-05,vertical_cap,ok
2480000000000000.0,100000000000000.0,311.76576577020273,265.1618191317792,265.1618191317792,42.564117652361944,6.119007850148525e-05,vertical_cap,ok
2678333333333333.5,100000000000000.0,315.6820965848884,265.1618191317792,265.1618191317792,45.73770790773684,0.00010061391730277808,vertical_cap,ok
2876666666666667.0,100000000000000.0,319.5806705221602,265.1618191317792,265.1618191317792,48.911370086546995,0.00016007080457640407,vertical_cap,ok
3075000000000000.0,100000000000000.0,323.46138846882764,265.1618191317792,265.1618191317792,52.08508896906585,0.00024741408825827834,vertical_cap,ok
3273333333333333.5,100000000000000.0,327.3240641306113,265.1618191317792,265.1618191317792,55.25885498335482,0.00037278926957460645,vertical_cap,ok
3471666666666667.0,100000000000000.0,331.16840505460755,265.1618191317792,265.1618191317792,58.432661412530706,0.0005491031263787604,vertical_cap,ok
3670000000000000.0,100000000000000.0,334.9939911003662,265.1618191317792,265.1618191317792,61.60650141839289,0.0007925529258287561,vertical_cap,ok
3868333333333333.5,100000000000000.0,338.8002501260564,265.1618191317792,265.1618191317792,64.7803718005895,0.0011232193522006217,vertical_cap,ok
4066666666666667.0,100000000000000.0,342.5864306197551,265.1618191317792,265.1618191317792,67.95426611312645,0.001565726775632928,vertical_cap,ok
4265000000000000.0,100000000000000.0,346.3515709557729,265.1618191317792,265.1618191317792,71.12817862785194,0.002149974487597778,vertical_cap,ok
4463333333333333.5,100000000000000.0,350.094464887526,265.1618191317792,265.1618191317792,74.30210611914447,0.0029119425288935625,vertical_cap,ok
4661666666666667.0,100000000000000.0,353.8136227957493,265.1618191317792,265.1618191317792,77.47604887853714,0.0038945757359546774,vertical_cap,ok
4860000000000000.0,100000000000000.0,357.50722808594753,265.1618191317792,265.1618191317792,80.6500071346684,0.0051487496312736395,vertical_cap,ok
5058333333333334.0,100000000000000.0,361.173087961512,265.1618191317792,265.1618191317792,83.82398488830727,0.006734321783730725,vertical_cap,ok
5256666666666667.0,100000000000000.0,364.8085775750252,265.1618191317792,265.1618191317792,86.99796032954201,0.008721272264626522,vertical_cap,ok
5455000000000000.0,100000000000000.0,368.41057626124507,265.1618191317792,265.1618191317792,90.17195143146104,0.011190936825212668,vertical_cap,ok
5653333333333334.0,100000000000000.0,371.97539415545475,265.1618191317792,265.1618191317792,93.3459485092886,0.01423733642151599,vertical_cap,ok
5851666666666667.0,100000000000000.0,375.49868696464523,265.1618191317792,265.1618191317792,96.51995442304185,0.01796860671225136,vertical_cap,ok
6050000000000000.0,100000000000000.0,378.9753559359,265.1618191317792,265.1618191317792,99.69396986730167,0.022508531155618777,vertical_cap,ok
6248333333333334.0,100000000000000.0,382.39942908386297,265.1618191317792,265.1618191317792,102.86798556444077,0.02799818133077945,vertical_cap,ok
6446666666666667.0,100000000000000.0,385.76391839117457,265.1618191317792,265.1618191317792,106.04200821295412,0.03459766810980661,vertical_cap,ok
6645000000000000.0,100000000000000.0,389.0606458243568,265.1618191317792,265.1618191317792,109.21603954999098,0.0424880073059063,vertical_cap,ok
6843333333333334.0,100000000000000.0,392.28002837344445,265.1618191317792,265.1618191317792,112.390071645249,0.0518731034237033,vertical_cap,ok
7041666666666667.0,100000000000000.0,395.4108085568963,265.1618191317792,265.1618191317792,115.5641049148406,0.06298185513738712,vertical_cap,ok
7240000000000000.0,100000000000000.0,398.4397113506453,265.1618191317792,265.1618191317792,118.7381525522281,0.07607038612251439,vertical_cap,ok
7438333333333334.0,100000000000000.0,401.35100036051915,265.1618191317792,265.1618191317792,121.91219229952758,0.0914244048672618,vertical_cap,ok
7636666666666667.0,100000000000000.0,404.12589370439036,265.1618191317792,265.1618191317792,125.08624284404522,0.10936169708892514,vertical_cap,ok
7835000000000000.0,100000000000000.0,406.74178085833455,265.1618191317792,265.1618191317792,128.26029760861158,0.1302347543814611,vertical_cap,ok
8033333333333334.0,100000000000000.0,409.1711510097141,265.1618191317792,265.1618191317792,131.43435653450587,0.15443354271986387,vertical_cap,ok
8231666666666667.0,100000000000000.0,411.3800928223569,265.1618191317792,265.1618191317792,134.60839971452856,0.18238841444717627,vertical_cap,ok
8430000000000000.0,100000000000000.0,413.3261390269736,265.1618191317792,265.1618191317792,137.7824641824062,0.21457316736992602,vertical_cap,ok
8628333333333334.0,100000000000000.0,414.9550753848182,265.1618191317792,265.1618191317792,140.95652540012824,0.25150825458778736,vertical_cap,ok
8826666666666667.0,100000000000000.0,416.1960465422228,265.1618191317792,265.1618191317792,144.1305882376329,0.29376414868325723,vertical_cap,ok
9025000000000000.0,100000000000000.0,416.95372483335905,265.1618191317792,265.1618191317792,147.30466083772728,0.3419648638971493,vertical_cap,ok
9223333333333334.0,100000000000000.0,417.0951114868783,265.1618191317792,265.1618191317792,150.47871657382314,0.3967916399156912,vertical_cap,ok
9421666666666668.0,100000000000000.0,416.4257902379119,265.1618191317792,265.1618191317792,153.65278636739308,0.4589867908950304,vertical_cap,ok
9620000000000000.0,100000000000000.0,414.64342142676,265.1618191317792,265.1618191317792,156.82685270228396,0.5293577233489347,vertical_cap,ok
9818333333333334.0,100000000000000.0,411.23552856165634,265.1618191317792,265.1618191317792,160.00092874552558,0.6087811265254954,vertical_cap,ok
1.0016666666666668e+16,100000000000000.0,405.2138356411841,265.1618191317792,265.1618191317792,163.17500592262658,0.6982073388986086,vertical_cap,ok
1.0215e+16,100000000000000.0,394.2067292288822,265.1618191317792,265.1618191317792,166.34908516133362,0.7986648944000482,vertical_cap,ok
1.0413333333333334e+16,100000000000000.0,368.92446008491856,265.1618191317792,265.1618191317792,169.52314678650356,0.9112652520179217,vertical_cap,ok
1.0611666666666668e+16,100000000000000.0,nan,265.1618191317792,nan,172.69722627801283,1.037207712387296,outside_full_depletion_model,no_subcritical_full_depletion_state
1.081e+16,100000000000000.0,nan,265.1618191317792,nan,175.87129984446554,1.1777845249987944,outside_full_depletion_model,no_subcritical_full_depletion_state
1.1008333333333334e+16,100000000000000.0,nan,265.1618191317792,nan,179.04538750707576,1.3343861896509677,outside_full_depletion_model,no_subcritical_full_depletion_state
1.1206666666666668e+16,100000000000000.0,nan,265.1618191317792,nan,182.21946868869048,1.5085069557722146,outside_full_depletion_model,no_subcritical_full_depletion_state
1.1405e+16,100000000000000.0,nan,265.1618191317792,nan,185.39354026057998,1.701750523238063,outside_full_depletion_model,no_subcritical_full_depletion_state
1.1603333333333334e+16,100000000000000.0,nan,265.1618191317792,nan,188.5676285606938,1.9158359483096217,outside_full_depletion_model,no_subcritical_full_depletion_state
1.1801666666666668e+16,100000000000000.0,nan,265.1618191317792,nan,191.74170407023803,2.15260375831894,outside_full_depletion_model,no_subcritical_full_depletion_state
1.2e+16,100000000000000.0,nan,265.1618191317792,nan,194.91579448501244,2.4140222787271433,outside_full_depletion_model,no_subcritical_full_depletion_state
